{
  "id": "1761025442574-c86fqorsn",
  "user_message": "我胸口劇痛，無法呼吸，感覺快要暈倒了",
  "bert_analysis": {
    "sentiment_score": 0.5,
    "risk_score": 1,
    "outline": [
      "🚨 【緊急】生命危險等級極高，請立即就醫或撥打119",
      "主要症狀：無法呼吸、呼吸、胸口劇痛、暈倒",
      "涉及系統：⚠️ 緊急症狀、呼吸系統"
    ],
    "keywords": [
      "無法呼吸",
      "呼吸",
      "胸口劇痛",
      "暈倒"
    ],
    "categories": [
      "⚠️ 緊急症狀",
      "呼吸系統"
    ],
    "urgency_level": "critical",
    "raw_text": "我胸口劇痛，無法呼吸，感覺快要暈倒了",
    "timestamp": "2025-10-21T05:43:12.583Z"
  },
  "model_response": "感謝您的諮詢。讓我為您分析：\n\n**您提到的主要症狀**：無法呼吸、呼吸、胸口劇痛\n\n**基本建議**：\n\n1. **觀察記錄**：留意症狀的變化、頻率和嚴重程度\n\n2. **日常保健**：\n   - 保持充足睡眠和水分\n   - 避免過度勞累\n   - 注意飲食均衡\n\n3. **就醫時機**：\n   - 症狀持續或加重\n   - 出現新的症狀\n   - 影響日常生活\n\n⚠️ **重要**：以上建議不能替代專業醫療診斷，請務必就醫檢查。",
  "model_used": "local-fallback",
  "created_at": "2025-10-21T05:44:02.574Z"
}